SNo,BRate,Timestamp
1,,11-03-2025 11:26:09:217420
2,,11-03-2025 11:26:09:526643
3,,11-03-2025 11:26:09:846870
4,,11-03-2025 11:26:10:128066
5,,11-03-2025 11:26:10:516346
6,,11-03-2025 11:26:10:838570
7,,11-03-2025 11:26:11:154796
8,,11-03-2025 11:26:11:513053
9,,11-03-2025 11:26:11:842285
10,,11-03-2025 11:26:12:140496
11,,11-03-2025 11:26:12:467728
12,,11-03-2025 11:26:12:895032
13,,11-03-2025 11:26:13:251285
14,,11-03-2025 11:26:13:612542
15,,11-03-2025 11:26:13:922761
16,,11-03-2025 11:26:14:226977
17,,11-03-2025 11:26:14:555212
18,,11-03-2025 11:26:14:897457
19,,11-03-2025 11:26:15:220683
20,,11-03-2025 11:26:15:588945
21,,11-03-2025 11:26:15:962210
22,,11-03-2025 11:26:16:320464
23,,11-03-2025 11:26:16:652701
24,,11-03-2025 11:26:16:978935
25,,11-03-2025 11:26:17:405237
26,,11-03-2025 11:26:17:762489
27,,11-03-2025 11:26:18:144762
28,,11-03-2025 11:26:18:438974
29,,11-03-2025 11:26:18:875279
30,19,11-03-2025 11:26:19:288573
31,19,11-03-2025 11:26:19:695861
32,20,11-03-2025 11:26:20:049113
33,20,11-03-2025 11:26:20:444393
34,20,11-03-2025 11:26:20:827669
35,20,11-03-2025 11:26:21:204937
36,20,11-03-2025 11:26:21:616225
37,20,11-03-2025 11:26:22:004504
38,20,11-03-2025 11:26:22:383772
39,20,11-03-2025 11:26:22:769045
40,20,11-03-2025 11:26:23:151319
41,20,11-03-2025 11:26:23:534589
42,20,11-03-2025 11:26:23:922863
43,20,11-03-2025 11:26:24:311140
44,20,11-03-2025 11:26:24:689409
45,20,11-03-2025 11:26:25:086691
46,20,11-03-2025 11:26:25:464959
47,20,11-03-2025 11:26:25:891263
48,20,11-03-2025 11:26:26:278537
49,20,11-03-2025 11:26:26:647799
50,20,11-03-2025 11:26:27:000050
51,20,11-03-2025 11:26:27:347296
52,20,11-03-2025 11:26:27:717559
53,20,11-03-2025 11:26:28:098830
54,20,11-03-2025 11:26:28:456085
55,20,11-03-2025 11:26:28:870378
56,20,11-03-2025 11:26:29:292678
57,21,11-03-2025 11:26:29:677951
58,21,11-03-2025 11:26:30:071231
59,21,11-03-2025 11:26:30:463512
60,21,11-03-2025 11:26:30:834774
61,21,11-03-2025 11:26:31:201033
62,21,11-03-2025 11:26:31:612325
63,21,11-03-2025 11:26:32:015612
64,21,11-03-2025 11:26:32:353852
65,22,11-03-2025 11:26:32:715109
66,22,11-03-2025 11:26:33:102383
67,22,11-03-2025 11:26:33:507672
68,22,11-03-2025 11:26:33:919965
69,22,11-03-2025 11:26:34:321250
70,22,11-03-2025 11:26:34:730541
71,22,11-03-2025 11:26:35:100803
72,22,11-03-2025 11:26:35:504090
73,22,11-03-2025 11:26:35:923387
74,22,11-03-2025 11:26:36:291650
75,22,11-03-2025 11:26:36:659911
76,22,11-03-2025 11:26:37:036178
77,22,11-03-2025 11:26:37:430457
78,22,11-03-2025 11:26:37:803723
79,21,11-03-2025 11:26:38:211012
80,22,11-03-2025 11:26:38:598288
81,22,11-03-2025 11:26:38:958543
82,22,11-03-2025 11:26:39:327804
83,22,11-03-2025 11:26:39:730092
84,22,11-03-2025 11:26:40:137380
85,22,11-03-2025 11:26:40:492633
86,22,11-03-2025 11:26:40:881910
87,21,11-03-2025 11:26:41:250171
88,21,11-03-2025 11:26:41:632442
89,21,11-03-2025 11:26:42:014714
90,21,11-03-2025 11:26:42:362962
91,21,11-03-2025 11:26:42:750237
92,21,11-03-2025 11:26:43:182544
93,21,11-03-2025 11:26:43:577825
94,21,11-03-2025 11:26:43:994119
95,21,11-03-2025 11:26:44:339368
96,21,11-03-2025 11:26:44:727640
97,21,11-03-2025 11:26:45:106910
98,21,11-03-2025 11:26:45:489183
99,21,11-03-2025 11:26:45:890468
100,21,11-03-2025 11:26:46:262732
101,21,11-03-2025 11:26:46:662019
102,21,11-03-2025 11:26:47:045287
103,21,11-03-2025 11:26:47:406543
104,21,11-03-2025 11:26:47:814833
105,21,11-03-2025 11:26:48:201108
106,22,11-03-2025 11:26:48:566368
107,22,11-03-2025 11:26:48:963648
108,22,11-03-2025 11:26:49:311899
109,22,11-03-2025 11:26:49:694169
110,22,11-03-2025 11:26:50:056425
111,22,11-03-2025 11:26:50:448705
112,22,11-03-2025 11:26:50:830975
113,22,11-03-2025 11:26:51:197236
114,22,11-03-2025 11:26:51:563495
115,22,11-03-2025 11:26:51:900739
116,22,11-03-2025 11:26:52:270998
117,22,11-03-2025 11:26:52:689296
118,22,11-03-2025 11:26:53:057560
119,22,11-03-2025 11:26:53:434826
120,22,11-03-2025 11:26:53:829106
121,22,11-03-2025 11:26:54:203370
122,22,11-03-2025 11:26:54:608659
123,22,11-03-2025 11:26:54:976921
124,22,11-03-2025 11:26:55:374203
125,22,11-03-2025 11:26:55:760477
126,22,11-03-2025 11:26:56:181777
127,22,11-03-2025 11:26:56:541032
128,22,11-03-2025 11:26:56:942317
129,22,11-03-2025 11:26:57:319585
130,21,11-03-2025 11:26:57:717868
131,21,11-03-2025 11:26:58:096136
132,21,11-03-2025 11:26:58:438379
133,21,11-03-2025 11:26:58:853674
134,21,11-03-2025 11:26:59:236950
135,21,11-03-2025 11:26:59:632226
136,21,11-03-2025 11:27:00:037028
137,21,11-03-2025 11:27:00:401807
138,21,11-03-2025 11:27:00:816100
139,21,11-03-2025 11:27:01:195370
140,20,11-03-2025 11:27:01:575641
141,20,11-03-2025 11:27:01:970922
142,20,11-03-2025 11:27:02:383215
143,20,11-03-2025 11:27:02:808517
144,20,11-03-2025 11:27:03:591072
145,20,11-03-2025 11:27:04:151470
146,20,11-03-2025 11:27:04:640819
147,20,11-03-2025 11:27:05:021089
148,20,11-03-2025 11:27:05:437384
149,20,11-03-2025 11:27:05:984773
150,20,11-03-2025 11:27:06:585200
151,20,11-03-2025 11:27:07:009499
152,20,11-03-2025 11:27:07:688984
153,21,11-03-2025 11:27:08:157317
154,21,11-03-2025 11:27:08:539588
155,21,11-03-2025 11:27:08:927863
156,21,11-03-2025 11:27:09:450234
157,21,11-03-2025 11:27:09:838510
158,21,11-03-2025 11:27:10:208773
159,21,11-03-2025 11:27:10:615062
160,21,11-03-2025 11:27:10:993331
161,21,11-03-2025 11:27:11:585750
162,21,11-03-2025 11:27:11:991038
163,21,11-03-2025 11:27:12:378314
164,21,11-03-2025 11:27:12:732566
165,21,11-03-2025 11:27:13:114837
166,21,11-03-2025 11:27:13:467086
167,21,11-03-2025 11:27:13:858365
168,21,11-03-2025 11:27:14:223624
169,22,11-03-2025 11:27:14:587883
170,22,11-03-2025 11:27:15:013185
171,22,11-03-2025 11:27:15:520545
172,22,11-03-2025 11:27:15:953853
173,21,11-03-2025 11:27:16:340128
174,21,11-03-2025 11:27:16:704387
175,21,11-03-2025 11:27:17:094663
176,21,11-03-2025 11:27:17:474934
177,21,11-03-2025 11:27:17:856204
178,21,11-03-2025 11:27:18:213458
179,21,11-03-2025 11:27:18:594730
180,21,11-03-2025 11:27:18:933970
181,21,11-03-2025 11:27:19:294228
182,21,11-03-2025 11:27:19:656484
183,21,11-03-2025 11:27:20:031751
184,21,11-03-2025 11:27:20:427031
185,21,11-03-2025 11:27:20:843326
186,21,11-03-2025 11:27:21:190574
187,21,11-03-2025 11:27:21:565848
188,21,11-03-2025 11:27:21:935103
189,21,11-03-2025 11:27:22:318373
190,21,11-03-2025 11:27:22:692639
191,21,11-03-2025 11:27:23:023879
192,21,11-03-2025 11:27:23:417154
193,21,11-03-2025 11:27:23:794425
194,21,11-03-2025 11:27:24:140667
195,21,11-03-2025 11:27:24:580980
196,21,11-03-2025 11:27:24:979263
197,21,11-03-2025 11:27:25:378546
198,21,11-03-2025 11:27:25:745809
199,21,11-03-2025 11:27:26:100059
200,21,11-03-2025 11:27:26:454312
201,21,11-03-2025 11:27:26:842588
202,21,11-03-2025 11:27:27:189833
203,21,11-03-2025 11:27:27:545086
204,21,11-03-2025 11:27:27:942368
205,21,11-03-2025 11:27:28:285612
206,21,11-03-2025 11:27:28:676889
207,21,11-03-2025 11:27:29:091184
208,21,11-03-2025 11:27:29:463450
209,21,11-03-2025 11:27:29:873742
210,21,11-03-2025 11:27:30:218988
211,21,11-03-2025 11:27:30:593253
212,21,11-03-2025 11:27:30:961513
213,22,11-03-2025 11:27:31:340782
214,22,11-03-2025 11:27:31:723054
215,22,11-03-2025 11:27:32:078305
216,22,11-03-2025 11:27:32:488597
217,22,11-03-2025 11:27:32:839846
218,22,11-03-2025 11:27:33:208107
219,22,11-03-2025 11:27:33:606389
220,22,11-03-2025 11:27:33:992666
221,21,11-03-2025 11:27:34:354923
222,21,11-03-2025 11:27:34:731191
223,21,11-03-2025 11:27:35:114463
224,21,11-03-2025 11:27:35:492731
225,21,11-03-2025 11:27:35:861993
226,21,11-03-2025 11:27:36:217246
227,21,11-03-2025 11:27:36:614530
228,21,11-03-2025 11:27:36:965777
229,21,11-03-2025 11:27:37:323032
230,21,11-03-2025 11:27:37:694297
231,20,11-03-2025 11:27:38:056551
232,20,11-03-2025 11:27:38:388788
233,20,11-03-2025 11:27:38:791072
234,20,11-03-2025 11:27:39:187356
235,20,11-03-2025 11:27:39:608654
236,20,11-03-2025 11:27:40:010939
237,20,11-03-2025 11:27:40:388209
238,20,11-03-2025 11:27:40:759473
239,20,11-03-2025 11:27:41:101717
240,20,11-03-2025 11:27:41:449960
241,20,11-03-2025 11:27:41:835237
242,20,11-03-2025 11:27:42:201496
243,20,11-03-2025 11:27:42:593774
244,20,11-03-2025 11:27:42:984051
245,20,11-03-2025 11:27:43:362320
246,20,11-03-2025 11:27:43:764605
247,20,11-03-2025 11:27:44:147878
248,19,11-03-2025 11:27:44:522145
249,19,11-03-2025 11:27:44:878396
250,19,11-03-2025 11:27:45:257666
251,19,11-03-2025 11:27:45:673962
252,19,11-03-2025 11:27:46:026212
253,19,11-03-2025 11:27:46:407483
254,19,11-03-2025 11:27:46:774745
255,19,11-03-2025 11:27:47:141005
256,19,11-03-2025 11:27:47:526280
257,19,11-03-2025 11:27:47:948578
258,19,11-03-2025 11:27:48:331850
259,19,11-03-2025 11:27:48:702112
260,19,11-03-2025 11:27:49:091389
261,19,11-03-2025 11:27:49:458650
262,19,11-03-2025 11:27:49:839923
263,19,11-03-2025 11:27:50:210183
264,19,11-03-2025 11:27:50:541419
265,19,11-03-2025 11:27:50:937700
266,18,11-03-2025 11:27:51:277942
267,18,11-03-2025 11:27:51:644204
268,18,11-03-2025 11:27:52:008460
269,18,11-03-2025 11:27:52:375721
270,18,11-03-2025 11:27:52:753991
271,18,11-03-2025 11:27:53:081225
272,18,11-03-2025 11:27:53:525538
273,18,11-03-2025 11:27:53:987867
274,18,11-03-2025 11:27:54:359131
275,18,11-03-2025 11:27:54:730394
276,18,11-03-2025 11:27:55:183716
277,18,11-03-2025 11:27:55:568990
278,18,11-03-2025 11:27:55:974278
279,18,11-03-2025 11:27:56:343541
280,18,11-03-2025 11:27:56:742823
281,18,11-03-2025 11:27:57:109083
282,18,11-03-2025 11:27:57:495359
283,18,11-03-2025 11:27:57:881632
284,18,11-03-2025 11:27:58:260903
285,18,11-03-2025 11:27:58:616154
286,18,11-03-2025 11:27:59:100498
287,18,11-03-2025 11:27:59:652891
288,17,11-03-2025 11:28:00:141286
289,17,11-03-2025 11:28:00:613623
290,17,11-03-2025 11:28:01:099968
291,17,11-03-2025 11:28:01:562300
292,17,11-03-2025 11:28:01:910544
293,17,11-03-2025 11:28:02:277804
294,17,11-03-2025 11:28:02:642063
295,18,11-03-2025 11:28:03:063361
296,18,11-03-2025 11:28:03:530695
297,18,11-03-2025 11:28:03:958997
298,18,11-03-2025 11:28:04:305243
299,18,11-03-2025 11:28:04:665501
300,18,11-03-2025 11:28:05:014750
301,18,11-03-2025 11:28:05:420037
302,18,11-03-2025 11:28:05:848339
303,18,11-03-2025 11:28:06:231612
304,17,11-03-2025 11:28:06:635898
305,17,11-03-2025 11:28:07:003160
306,17,11-03-2025 11:28:07:374426
307,17,11-03-2025 11:28:07:720670
308,17,11-03-2025 11:28:08:081925
309,17,11-03-2025 11:28:08:464197
310,17,11-03-2025 11:28:08:834460
311,17,11-03-2025 11:28:09:264767
312,17,11-03-2025 11:28:09:617015
313,17,11-03-2025 11:28:09:972274
314,17,11-03-2025 11:28:10:326520
315,17,11-03-2025 11:28:10:691781
316,17,11-03-2025 11:28:11:066045
317,17,11-03-2025 11:28:11:411292
318,17,11-03-2025 11:28:11:760539
319,17,11-03-2025 11:28:12:132804
320,17,11-03-2025 11:28:12:501064
321,17,11-03-2025 11:28:12:848314
322,17,11-03-2025 11:28:13:195558
323,17,11-03-2025 11:28:13:589839
324,17,11-03-2025 11:28:13:936084
325,18,11-03-2025 11:28:14:280330
326,18,11-03-2025 11:28:14:658598
327,18,11-03-2025 11:28:15:031863
328,18,11-03-2025 11:28:15:431144
329,19,11-03-2025 11:28:15:781394
330,19,11-03-2025 11:28:16:145653
331,19,11-03-2025 11:28:16:534931
332,19,11-03-2025 11:28:16:877172
333,19,11-03-2025 11:28:17:243432
334,19,11-03-2025 11:28:17:645719
335,19,11-03-2025 11:28:17:984959
336,19,11-03-2025 11:28:18:334210
337,20,11-03-2025 11:28:18:676451
338,20,11-03-2025 11:28:19:082738
339,20,11-03-2025 11:28:19:470013
340,20,11-03-2025 11:28:19:821264
341,21,11-03-2025 11:28:20:157505
342,21,11-03-2025 11:28:20:517759
343,21,11-03-2025 11:28:20:883017
344,21,11-03-2025 11:28:21:232268
345,21,11-03-2025 11:28:21:601528
346,21,11-03-2025 11:28:21:993807
347,21,11-03-2025 11:28:22:359066
348,21,11-03-2025 11:28:22:728328
349,21,11-03-2025 11:28:23:084582
350,21,11-03-2025 11:28:23:426826
351,21,11-03-2025 11:28:23:777074
352,21,11-03-2025 11:28:24:142333
353,21,11-03-2025 11:28:24:476573
354,21,11-03-2025 11:28:24:830822
355,23,11-03-2025 11:28:25:206088
356,23,11-03-2025 11:28:25:570349
357,23,11-03-2025 11:28:25:926601
358,23,11-03-2025 11:28:26:281855
359,23,11-03-2025 11:28:26:652116
360,22,11-03-2025 11:28:26:998363
361,22,11-03-2025 11:28:27:329598
362,22,11-03-2025 11:28:27:724878
363,22,11-03-2025 11:28:28:086136
364,22,11-03-2025 11:28:28:466406
365,22,11-03-2025 11:28:28:815652
366,22,11-03-2025 11:28:29:172905
367,22,11-03-2025 11:28:29:528159
368,22,11-03-2025 11:28:29:911431
369,22,11-03-2025 11:28:30:257676
370,22,11-03-2025 11:28:30:635945
371,22,11-03-2025 11:28:31:026222
372,22,11-03-2025 11:28:31:399488
373,22,11-03-2025 11:28:31:776755
374,22,11-03-2025 11:28:32:172039
375,22,11-03-2025 11:28:32:521286
376,22,11-03-2025 11:28:32:862525
377,22,11-03-2025 11:28:33:254807
378,22,11-03-2025 11:28:33:605054
379,22,11-03-2025 11:28:33:979320
380,22,11-03-2025 11:28:34:347581
381,22,11-03-2025 11:28:34:725851
382,22,11-03-2025 11:28:35:130138
383,22,11-03-2025 11:28:35:486393
384,22,11-03-2025 11:28:35:857654
385,22,11-03-2025 11:28:36:248933
386,22,11-03-2025 11:28:36:630203
387,22,11-03-2025 11:28:36:977448
388,22,11-03-2025 11:28:37:347712
389,22,11-03-2025 11:28:37:705967
390,22,11-03-2025 11:28:38:071225
391,22,11-03-2025 11:28:38:439488
392,22,11-03-2025 11:28:38:821759
393,22,11-03-2025 11:28:39:184016
394,22,11-03-2025 11:28:39:513249
395,22,11-03-2025 11:28:39:919538
396,22,11-03-2025 11:28:40:271788
397,22,11-03-2025 11:28:40:649056
398,22,11-03-2025 11:28:40:999304
399,22,11-03-2025 11:28:41:352557
400,22,11-03-2025 11:28:41:766851
401,22,11-03-2025 11:28:42:113096
402,22,11-03-2025 11:28:42:473354
403,22,11-03-2025 11:28:42:854623
404,21,11-03-2025 11:28:43:228889
405,21,11-03-2025 11:28:43:586144
406,21,11-03-2025 11:28:43:938393
407,21,11-03-2025 11:28:44:364695
408,21,11-03-2025 11:28:44:726954
409,21,11-03-2025 11:28:45:149252
410,21,11-03-2025 11:28:45:519519
411,21,11-03-2025 11:28:45:887778
412,21,11-03-2025 11:28:46:242040
413,21,11-03-2025 11:28:46:610291
414,21,11-03-2025 11:28:46:956540
415,21,11-03-2025 11:28:47:310789
416,20,11-03-2025 11:28:47:699064
417,20,11-03-2025 11:28:48:063323
418,20,11-03-2025 11:28:48:436592
419,20,11-03-2025 11:28:48:795844
420,20,11-03-2025 11:28:49:175113
421,20,11-03-2025 11:28:49:546376
422,20,11-03-2025 11:28:49:936653
423,21,11-03-2025 11:28:50:289904
424,20,11-03-2025 11:28:50:683185
425,20,11-03-2025 11:28:51:023426
426,20,11-03-2025 11:28:51:422711
427,20,11-03-2025 11:28:51:800977
428,21,11-03-2025 11:28:52:189253
429,21,11-03-2025 11:28:52:540503
430,21,11-03-2025 11:28:52:938786
431,21,11-03-2025 11:28:53:292038
432,21,11-03-2025 11:28:53:663300
433,21,11-03-2025 11:28:54:011546
434,21,11-03-2025 11:28:54:360796
435,21,11-03-2025 11:28:54:745068
436,21,11-03-2025 11:28:55:111327
437,21,11-03-2025 11:28:55:443565
438,21,11-03-2025 11:28:55:807825
439,21,11-03-2025 11:28:56:176085
440,21,11-03-2025 11:28:56:556354
441,21,11-03-2025 11:28:56:914611
442,21,11-03-2025 11:28:57:304886
443,21,11-03-2025 11:28:57:866286
444,20,11-03-2025 11:28:58:235548
445,20,11-03-2025 11:28:58:571791
446,20,11-03-2025 11:28:58:949053
447,20,11-03-2025 11:28:59:301306
448,20,11-03-2025 11:28:59:664563
449,20,11-03-2025 11:29:00:062394
450,20,11-03-2025 11:29:00:543739
451,20,11-03-2025 11:29:00:895992
452,20,11-03-2025 11:29:01:267253
453,20,11-03-2025 11:29:01:606496
454,21,11-03-2025 11:29:02:005778
455,21,11-03-2025 11:29:02:351023
456,21,11-03-2025 11:29:02:736298
457,21,11-03-2025 11:29:03:064530
458,21,11-03-2025 11:29:03:437796
459,21,11-03-2025 11:29:03:815066
460,21,11-03-2025 11:29:04:224354
461,21,11-03-2025 11:29:04:587611
462,21,11-03-2025 11:29:04:933858
463,22,11-03-2025 11:29:05:306121
464,21,11-03-2025 11:29:05:683390
465,21,11-03-2025 11:29:06:039646
466,21,11-03-2025 11:29:06:395895
467,21,11-03-2025 11:29:06:797180
468,21,11-03-2025 11:29:07:177454
469,21,11-03-2025 11:29:07:520697
470,21,11-03-2025 11:29:07:887957
471,21,11-03-2025 11:29:08:239205
472,21,11-03-2025 11:29:08:603464
473,21,11-03-2025 11:29:08:934704
474,21,11-03-2025 11:29:09:327978
475,21,11-03-2025 11:29:09:730267
476,21,11-03-2025 11:29:10:090519
477,21,11-03-2025 11:29:10:430761
478,21,11-03-2025 11:29:10:801024
479,19,11-03-2025 11:29:11:187301
480,19,11-03-2025 11:29:11:539549
481,19,11-03-2025 11:29:11:897804
482,19,11-03-2025 11:29:12:298088
483,19,11-03-2025 11:29:12:688365
484,20,11-03-2025 11:29:13:077643
485,20,11-03-2025 11:29:13:444901
486,20,11-03-2025 11:29:13:849190
487,20,11-03-2025 11:29:14:193434
488,20,11-03-2025 11:29:14:582709
489,20,11-03-2025 11:29:14:940966
490,20,11-03-2025 11:29:15:297217
491,20,11-03-2025 11:29:15:643465
492,20,11-03-2025 11:29:16:013727
493,20,11-03-2025 11:29:16:365977
494,20,11-03-2025 11:29:16:741244
495,20,11-03-2025 11:29:17:115510
496,20,11-03-2025 11:29:17:457752
497,20,11-03-2025 11:29:17:833019
498,20,11-03-2025 11:29:18:242311
499,20,11-03-2025 11:29:18:621579
500,20,11-03-2025 11:29:19:007853
501,20,11-03-2025 11:29:19:351097
502,20,11-03-2025 11:29:19:702346
503,20,11-03-2025 11:29:20:091622
504,20,11-03-2025 11:29:20:464888
505,20,11-03-2025 11:29:20:854164
506,18,11-03-2025 11:29:21:264456
507,18,11-03-2025 11:29:21:655735
508,17,11-03-2025 11:29:22:040008
509,17,11-03-2025 11:29:22:433287
510,17,11-03-2025 11:29:22:842576
511,17,11-03-2025 11:29:23:210839
512,18,11-03-2025 11:29:23:618128
513,18,11-03-2025 11:29:24:009405
514,18,11-03-2025 11:29:24:398683
515,18,11-03-2025 11:29:24:762941
516,18,11-03-2025 11:29:25:140211
517,18,11-03-2025 11:29:25:507472
518,18,11-03-2025 11:29:25:893744
519,18,11-03-2025 11:29:26:275014
520,18,11-03-2025 11:29:26:678302
521,18,11-03-2025 11:29:27:071580
522,18,11-03-2025 11:29:27:477870
523,18,11-03-2025 11:29:27:901172
524,16,11-03-2025 11:29:28:275436
525,16,11-03-2025 11:29:28:638694
526,16,11-03-2025 11:29:29:017963
527,16,11-03-2025 11:29:29:362207
528,16,11-03-2025 11:29:29:721463
529,16,11-03-2025 11:29:30:132757
530,16,11-03-2025 11:29:30:556062
531,16,11-03-2025 11:29:30:934323
532,17,11-03-2025 11:29:31:329605
533,17,11-03-2025 11:29:31:716880
534,18,11-03-2025 11:29:32:076135
535,18,11-03-2025 11:29:32:448400
536,18,11-03-2025 11:29:32:824668
537,18,11-03-2025 11:29:33:237962
538,18,11-03-2025 11:29:33:630239
539,18,11-03-2025 11:29:34:042532
540,18,11-03-2025 11:29:34:414796
541,18,11-03-2025 11:29:34:798068
542,19,11-03-2025 11:29:35:145319
543,19,11-03-2025 11:29:35:522584
544,19,11-03-2025 11:29:35:888843
545,19,11-03-2025 11:29:36:287126
546,19,11-03-2025 11:29:36:689412
547,19,11-03-2025 11:29:37:072684
548,19,11-03-2025 11:29:37:453954
549,19,11-03-2025 11:29:37:861244
550,19,11-03-2025 11:29:38:284544
551,19,11-03-2025 11:29:38:674823
552,21,11-03-2025 11:29:39:059095
553,21,11-03-2025 11:29:39:461380
554,21,11-03-2025 11:29:39:840649
555,22,11-03-2025 11:29:40:184897
556,22,11-03-2025 11:29:40:589182
557,22,11-03-2025 11:29:40:996471
558,22,11-03-2025 11:29:41:340716
559,22,11-03-2025 11:29:41:716982
560,22,11-03-2025 11:29:42:081242
561,22,11-03-2025 11:29:42:434491
562,22,11-03-2025 11:29:42:838780
563,23,11-03-2025 11:29:43:242065
564,23,11-03-2025 11:29:43:609328
565,23,11-03-2025 11:29:43:971585
566,23,11-03-2025 11:29:44:348852
567,23,11-03-2025 11:29:44:720117
568,23,11-03-2025 11:29:45:088377
569,23,11-03-2025 11:29:45:498668
570,23,11-03-2025 11:29:45:863932
571,24,11-03-2025 11:29:46:262213
572,24,11-03-2025 11:29:46:645483
573,24,11-03-2025 11:29:46:989728
574,24,11-03-2025 11:29:47:357989
575,24,11-03-2025 11:29:47:735257
576,23,11-03-2025 11:29:48:124534
577,23,11-03-2025 11:29:48:511810
578,23,11-03-2025 11:29:48:894079
579,23,11-03-2025 11:29:49:222317
580,23,11-03-2025 11:29:49:578567
581,23,11-03-2025 11:29:49:924813
582,22,11-03-2025 11:29:50:308085
583,22,11-03-2025 11:29:50:710370
584,24,11-03-2025 11:29:51:072627
585,24,11-03-2025 11:29:51:455900
586,24,11-03-2025 11:29:51:838172
587,24,11-03-2025 11:29:52:197426
588,24,11-03-2025 11:29:52:537669
589,24,11-03-2025 11:29:52:874909
590,23,11-03-2025 11:29:53:254176
591,23,11-03-2025 11:29:53:623440
592,23,11-03-2025 11:29:53:975690
593,23,11-03-2025 11:29:54:327940
594,23,11-03-2025 11:29:54:696201
595,23,11-03-2025 11:29:55:041447
596,23,11-03-2025 11:29:55:416712
597,23,11-03-2025 11:29:55:801987
598,23,11-03-2025 11:29:56:204272
599,23,11-03-2025 11:29:56:567531
600,23,11-03-2025 11:29:56:904771
601,25,11-03-2025 11:29:57:264028
602,25,11-03-2025 11:29:57:606267
603,24,11-03-2025 11:29:57:977532
604,24,11-03-2025 11:29:58:319775
605,24,11-03-2025 11:29:58:694040
606,24,11-03-2025 11:29:59:088323
607,24,11-03-2025 11:29:59:473596
608,24,11-03-2025 11:29:59:869876
609,25,11-03-2025 11:30:00:250170
610,25,11-03-2025 11:30:00:626435
611,25,11-03-2025 11:30:00:961676
612,25,11-03-2025 11:30:01:323931
613,25,11-03-2025 11:30:01:800271
614,25,11-03-2025 11:30:02:159525
615,25,11-03-2025 11:30:02:522782
616,25,11-03-2025 11:30:02:873031
617,25,11-03-2025 11:30:03:293331
618,25,11-03-2025 11:30:03:705623
619,25,11-03-2025 11:30:04:060876
620,25,11-03-2025 11:30:04:437142
621,25,11-03-2025 11:30:04:804404
622,25,11-03-2025 11:30:05:200685
623,25,11-03-2025 11:30:05:567947
624,25,11-03-2025 11:30:05:968230
625,24,11-03-2025 11:30:06:331488
626,24,11-03-2025 11:30:06:664726
627,24,11-03-2025 11:30:07:007969
628,24,11-03-2025 11:30:07:378233
629,24,11-03-2025 11:30:07:752496
630,24,11-03-2025 11:30:08:127766
631,24,11-03-2025 11:30:08:497026
632,24,11-03-2025 11:30:08:847274
633,24,11-03-2025 11:30:09:187515
634,24,11-03-2025 11:30:09:538766
635,24,11-03-2025 11:30:09:904026
636,24,11-03-2025 11:30:10:304309
637,24,11-03-2025 11:30:10:672571
638,24,11-03-2025 11:30:11:026822
639,24,11-03-2025 11:30:11:425105
640,24,11-03-2025 11:30:11:761360
641,24,11-03-2025 11:30:12:122601
642,24,11-03-2025 11:30:12:513880
643,24,11-03-2025 11:30:12:867129
644,24,11-03-2025 11:30:13:268414
645,24,11-03-2025 11:30:13:655689
646,24,11-03-2025 11:30:14:029955
647,24,11-03-2025 11:30:14:381205
648,24,11-03-2025 11:30:14:760475
649,23,11-03-2025 11:30:15:135741
650,23,11-03-2025 11:30:15:525018
651,23,11-03-2025 11:30:15:887275
652,24,11-03-2025 11:30:16:229518
653,24,11-03-2025 11:30:16:583769
654,24,11-03-2025 11:30:16:922010
655,24,11-03-2025 11:30:17:289271
656,24,11-03-2025 11:30:17:732586
657,24,11-03-2025 11:30:18:090839
658,24,11-03-2025 11:30:18:451097
659,24,11-03-2025 11:30:18:843374
660,25,11-03-2025 11:30:19:219641
661,25,11-03-2025 11:30:19:620927
662,25,11-03-2025 11:30:19:973178
663,25,11-03-2025 11:30:20:333433
664,25,11-03-2025 11:30:20:731716
665,25,11-03-2025 11:30:21:083968
666,25,11-03-2025 11:30:21:436217
667,25,11-03-2025 11:30:21:811481
668,25,11-03-2025 11:30:22:170737
669,25,11-03-2025 11:30:22:542001
670,25,11-03-2025 11:30:22:902258
671,25,11-03-2025 11:30:23:278524
672,25,11-03-2025 11:30:23:643784
673,25,11-03-2025 11:30:24:011045
674,25,11-03-2025 11:30:24:374304
675,25,11-03-2025 11:30:24:755573
676,24,11-03-2025 11:30:25:126839
677,24,11-03-2025 11:30:25:526121
678,24,11-03-2025 11:30:25:895383
679,24,11-03-2025 11:30:26:266647
680,24,11-03-2025 11:30:26:641913
681,25,11-03-2025 11:30:27:040196
682,25,11-03-2025 11:30:27:412460
683,25,11-03-2025 11:30:27:777719
684,25,11-03-2025 11:30:28:130971
685,25,11-03-2025 11:30:28:558275
686,25,11-03-2025 11:30:28:923535
687,25,11-03-2025 11:30:29:307808
688,25,11-03-2025 11:30:29:640044
689,24,11-03-2025 11:30:29:997298
690,24,11-03-2025 11:30:30:358552
691,24,11-03-2025 11:30:30:729817
692,24,11-03-2025 11:30:31:066055
693,24,11-03-2025 11:30:31:459334
694,24,11-03-2025 11:30:31:833601
695,24,11-03-2025 11:30:32:260904
696,24,11-03-2025 11:30:32:616158
697,24,11-03-2025 11:30:32:974411
698,24,11-03-2025 11:30:33:327662
699,24,11-03-2025 11:30:33:674909
700,23,11-03-2025 11:30:34:006143
701,23,11-03-2025 11:30:34:418437
702,23,11-03-2025 11:30:34:841739
703,23,11-03-2025 11:30:35:638304
704,23,11-03-2025 11:30:36:001561
705,23,11-03-2025 11:30:36:430866
706,23,11-03-2025 11:30:36:848161
707,23,11-03-2025 11:30:37:273464
708,23,11-03-2025 11:30:38:020995
709,23,11-03-2025 11:30:38:506340
710,23,11-03-2025 11:30:39:100762
711,23,11-03-2025 11:30:39:551081
712,23,11-03-2025 11:30:39:976384
713,23,11-03-2025 11:30:40:382674
714,23,11-03-2025 11:30:40:871019
715,22,11-03-2025 11:30:41:276306
716,22,11-03-2025 11:30:41:646570
717,22,11-03-2025 11:30:41:994817
718,22,11-03-2025 11:30:42:348069
719,22,11-03-2025 11:30:42:716330
720,22,11-03-2025 11:30:43:068582
721,22,11-03-2025 11:30:43:427836
722,22,11-03-2025 11:30:43:796097
723,22,11-03-2025 11:30:44:197383
724,22,11-03-2025 11:30:44:596666
725,22,11-03-2025 11:30:44:974934
726,22,11-03-2025 11:30:45:332189
727,22,11-03-2025 11:30:45:734473
728,22,11-03-2025 11:30:46:099733
729,22,11-03-2025 11:30:46:520031
730,22,11-03-2025 11:30:46:935327
731,22,11-03-2025 11:30:47:429678
732,22,11-03-2025 11:30:47:858985
733,22,11-03-2025 11:30:48:247257
734,22,11-03-2025 11:30:48:645542
735,22,11-03-2025 11:30:49:066840
736,22,11-03-2025 11:30:49:442107
737,22,11-03-2025 11:30:49:831384
738,22,11-03-2025 11:30:50:214656
739,22,11-03-2025 11:30:50:596926
740,22,11-03-2025 11:30:51:028235
741,22,11-03-2025 11:30:51:435523
742,22,11-03-2025 11:30:51:826802
743,22,11-03-2025 11:30:52:203068
744,22,11-03-2025 11:30:52:602351
745,22,11-03-2025 11:30:52:997632
746,22,11-03-2025 11:30:53:379905
747,22,11-03-2025 11:30:53:778190
748,22,11-03-2025 11:30:54:126436
749,22,11-03-2025 11:30:54:495696
750,22,11-03-2025 11:30:54:915995
751,22,11-03-2025 11:30:55:276251
752,22,11-03-2025 11:30:55:673535
753,22,11-03-2025 11:30:56:057806
754,22,11-03-2025 11:30:56:466096
755,22,11-03-2025 11:30:56:858374
756,23,11-03-2025 11:30:57:222635
757,23,11-03-2025 11:30:57:596899
758,23,11-03-2025 11:30:57:966162
759,22,11-03-2025 11:30:58:336428
760,22,11-03-2025 11:30:58:693679
761,22,11-03-2025 11:30:59:067944
762,22,11-03-2025 11:30:59:422196
763,22,11-03-2025 11:30:59:821480
764,22,11-03-2025 11:31:00:194770
765,22,11-03-2025 11:31:00:573039
766,22,11-03-2025 11:31:00:950307
767,22,11-03-2025 11:31:01:342586
768,22,11-03-2025 11:31:01:757881
769,22,11-03-2025 11:31:02:113132
770,22,11-03-2025 11:31:02:492404
771,22,11-03-2025 11:31:02:848656
772,22,11-03-2025 11:31:03:230927
773,22,11-03-2025 11:31:03:639217
774,22,11-03-2025 11:31:04:028492
775,22,11-03-2025 11:31:04:399757
776,22,11-03-2025 11:31:04:890106
777,22,11-03-2025 11:31:05:297396
778,22,11-03-2025 11:31:05:691675
779,22,11-03-2025 11:31:06:069944
780,22,11-03-2025 11:31:06:444209
781,22,11-03-2025 11:31:06:813471
782,22,11-03-2025 11:31:07:159717
783,22,11-03-2025 11:31:07:545991
784,22,11-03-2025 11:31:07:916255
785,22,11-03-2025 11:31:08:284516
786,22,11-03-2025 11:31:08:678796
787,23,11-03-2025 11:31:09:108101
788,23,11-03-2025 11:31:09:499378
789,23,11-03-2025 11:31:09:901664
790,23,11-03-2025 11:31:10:337975
791,23,11-03-2025 11:31:10:737257
792,23,11-03-2025 11:31:11:132541
793,23,11-03-2025 11:31:11:506806
794,23,11-03-2025 11:31:11:909091
795,23,11-03-2025 11:31:12:290361
796,23,11-03-2025 11:31:12:651619
797,23,11-03-2025 11:31:13:034892
798,23,11-03-2025 11:31:13:451186
799,23,11-03-2025 11:31:13:822449
800,23,11-03-2025 11:31:14:185707
801,23,11-03-2025 11:31:14:548965
802,23,11-03-2025 11:31:14:893210
803,23,11-03-2025 11:31:15:289491
804,23,11-03-2025 11:31:15:647747
805,24,11-03-2025 11:31:16:044027
806,24,11-03-2025 11:31:16:448315
807,24,11-03-2025 11:31:16:826583
808,24,11-03-2025 11:31:17:192844
809,24,11-03-2025 11:31:17:547094
810,24,11-03-2025 11:31:17:926364
811,24,11-03-2025 11:31:18:301630
812,24,11-03-2025 11:31:18:676898
813,24,11-03-2025 11:31:19:088191
814,24,11-03-2025 11:31:19:455453
815,24,11-03-2025 11:31:19:870745
816,24,11-03-2025 11:31:20:266026
817,24,11-03-2025 11:31:20:653301
818,23,11-03-2025 11:31:21:030568
819,23,11-03-2025 11:31:21:419846
820,23,11-03-2025 11:31:21:801116
821,23,11-03-2025 11:31:22:204402
822,23,11-03-2025 11:31:22:560655
823,23,11-03-2025 11:31:22:962942
824,23,11-03-2025 11:31:23:369230
825,23,11-03-2025 11:31:23:746497
826,23,11-03-2025 11:31:24:126768
827,23,11-03-2025 11:31:24:521048
828,23,11-03-2025 11:31:24:892312
829,22,11-03-2025 11:31:25:238556
830,22,11-03-2025 11:31:25:566791
831,22,11-03-2025 11:31:26:010105
832,22,11-03-2025 11:31:26:402386
833,22,11-03-2025 11:31:26:791661
834,22,11-03-2025 11:31:27:158922
835,22,11-03-2025 11:31:27:557204
836,22,11-03-2025 11:31:27:913457
837,23,11-03-2025 11:31:28:316743
838,23,11-03-2025 11:31:28:699015
839,23,11-03-2025 11:31:29:097302
840,23,11-03-2025 11:31:29:504588
841,23,11-03-2025 11:31:29:911877
842,22,11-03-2025 11:31:30:312162
843,22,11-03-2025 11:31:30:729458
844,22,11-03-2025 11:31:31:104723
845,22,11-03-2025 11:31:31:496002
846,22,11-03-2025 11:31:31:920304
847,22,11-03-2025 11:31:32:288565
848,22,11-03-2025 11:31:32:638814
849,22,11-03-2025 11:31:33:022085
850,22,11-03-2025 11:31:33:407359
851,22,11-03-2025 11:31:33:799638
852,22,11-03-2025 11:31:34:203924
853,22,11-03-2025 11:31:34:583195
854,22,11-03-2025 11:31:34:966468
855,22,11-03-2025 11:31:35:328730
856,22,11-03-2025 11:31:35:674971
857,22,11-03-2025 11:31:36:061244
858,22,11-03-2025 11:31:36:436511
859,22,11-03-2025 11:31:36:809776
860,22,11-03-2025 11:31:37:237080
861,22,11-03-2025 11:31:37:607342
862,22,11-03-2025 11:31:37:968599
863,22,11-03-2025 11:31:38:332859
864,22,11-03-2025 11:31:38:674099
865,21,11-03-2025 11:31:39:068379
866,21,11-03-2025 11:31:39:437643
867,21,11-03-2025 11:31:39:850935
868,21,11-03-2025 11:31:40:211192
869,21,11-03-2025 11:31:40:577453
870,21,11-03-2025 11:31:40:965728
871,20,11-03-2025 11:31:41:322982
872,20,11-03-2025 11:31:41:688241
873,20,11-03-2025 11:31:42:048496
874,20,11-03-2025 11:31:42:468795
875,20,11-03-2025 11:31:42:870081
876,21,11-03-2025 11:31:43:223331
877,21,11-03-2025 11:31:43:621614
878,20,11-03-2025 11:31:44:030904
879,20,11-03-2025 11:31:44:420182
880,20,11-03-2025 11:31:44:802453
881,20,11-03-2025 11:31:45:192730
882,20,11-03-2025 11:31:45:596017
883,20,11-03-2025 11:31:46:013313
884,20,11-03-2025 11:31:46:392585
885,20,11-03-2025 11:31:46:777856
886,19,11-03-2025 11:31:47:175139
887,19,11-03-2025 11:31:47:595437
888,19,11-03-2025 11:31:48:004728
889,19,11-03-2025 11:31:48:390001
890,19,11-03-2025 11:31:48:792288
891,19,11-03-2025 11:31:49:180562
892,19,11-03-2025 11:31:49:572841
893,19,11-03-2025 11:31:49:951110
894,20,11-03-2025 11:31:50:350395
895,20,11-03-2025 11:31:50:746675
896,20,11-03-2025 11:31:51:139954
897,20,11-03-2025 11:31:51:483198
898,20,11-03-2025 11:31:51:846456
899,20,11-03-2025 11:31:52:278763
900,20,11-03-2025 11:31:52:667039
901,20,11-03-2025 11:31:53:040304
902,20,11-03-2025 11:31:53:449595
903,20,11-03-2025 11:31:53:849879
904,21,11-03-2025 11:31:54:246160
905,21,11-03-2025 11:31:54:650448
906,21,11-03-2025 11:31:55:053734
907,21,11-03-2025 11:31:55:477035
908,21,11-03-2025 11:31:55:888327
909,21,11-03-2025 11:31:56:229569
910,21,11-03-2025 11:31:56:601834
911,21,11-03-2025 11:31:57:001117
912,21,11-03-2025 11:31:57:396399
913,21,11-03-2025 11:31:57:785675
914,21,11-03-2025 11:31:58:152938
915,21,11-03-2025 11:31:58:552219
916,21,11-03-2025 11:31:58:914476
917,21,11-03-2025 11:31:59:250715
918,21,11-03-2025 11:31:59:654000
919,21,11-03-2025 11:32:00:073746
920,21,11-03-2025 11:32:00:457524
921,21,11-03-2025 11:32:00:863811
922,21,11-03-2025 11:32:01:237077
923,21,11-03-2025 11:32:01:612344
924,21,11-03-2025 11:32:01:986607
925,21,11-03-2025 11:32:02:348865
926,21,11-03-2025 11:32:02:727135
927,21,11-03-2025 11:32:03:105402
928,21,11-03-2025 11:32:03:447645
929,21,11-03-2025 11:32:03:838923
930,21,11-03-2025 11:32:04:214190
931,21,11-03-2025 11:32:04:581453
932,21,11-03-2025 11:32:04:987739
933,21,11-03-2025 11:32:05:358003
934,21,11-03-2025 11:32:05:766293
935,21,11-03-2025 11:32:06:161574
936,21,11-03-2025 11:32:06:532837
937,21,11-03-2025 11:32:06:919112
938,21,11-03-2025 11:32:07:289374
939,21,11-03-2025 11:32:07:774720
940,21,11-03-2025 11:32:08:161995
941,21,11-03-2025 11:32:08:562279
942,21,11-03-2025 11:32:08:917530
943,21,11-03-2025 11:32:09:287795
944,21,11-03-2025 11:32:09:666063
945,20,11-03-2025 11:32:10:030321
946,20,11-03-2025 11:32:10:407591
947,20,11-03-2025 11:32:10:770847
948,20,11-03-2025 11:32:11:173134
949,20,11-03-2025 11:32:11:580424
950,20,11-03-2025 11:32:11:931673
951,20,11-03-2025 11:32:12:290927
952,20,11-03-2025 11:32:12:664191
953,20,11-03-2025 11:32:13:017442
954,20,11-03-2025 11:32:13:380704
955,20,11-03-2025 11:32:13:763972
956,20,11-03-2025 11:32:14:101214
957,20,11-03-2025 11:32:14:451465
958,20,11-03-2025 11:32:14:816721
959,21,11-03-2025 11:32:15:157964
960,21,11-03-2025 11:32:15:545239
961,21,11-03-2025 11:32:15:891484
962,21,11-03-2025 11:32:16:313785
963,21,11-03-2025 11:32:16:688051
964,21,11-03-2025 11:32:17:047305
965,21,11-03-2025 11:32:17:396555
966,21,11-03-2025 11:32:17:769818
967,21,11-03-2025 11:32:18:108058
968,21,11-03-2025 11:32:18:534361
969,21,11-03-2025 11:32:18:916635
970,22,11-03-2025 11:32:19:286896
971,22,11-03-2025 11:32:19:684178
972,22,11-03-2025 11:32:20:046435
973,22,11-03-2025 11:32:20:431711
974,22,11-03-2025 11:32:20:804974
975,21,11-03-2025 11:32:21:204258
976,21,11-03-2025 11:32:21:556509
977,21,11-03-2025 11:32:21:925771
978,21,11-03-2025 11:32:22:389099
979,21,11-03-2025 11:32:22:785381
980,21,11-03-2025 11:32:23:170655
981,21,11-03-2025 11:32:23:555930
982,21,11-03-2025 11:32:23:953210
983,21,11-03-2025 11:32:24:344491
984,21,11-03-2025 11:32:24:706746
985,21,11-03-2025 11:32:25:090019
986,21,11-03-2025 11:32:25:454277
987,21,11-03-2025 11:32:25:854561
988,21,11-03-2025 11:32:26:252844
989,21,11-03-2025 11:32:26:650125
990,21,11-03-2025 11:32:27:031396
991,21,11-03-2025 11:32:27:472710
992,21,11-03-2025 11:32:27:858986
993,21,11-03-2025 11:32:28:258268
994,21,11-03-2025 11:32:28:678569
995,21,11-03-2025 11:32:29:010803
996,21,11-03-2025 11:32:29:391072
997,21,11-03-2025 11:32:29:757333
998,22,11-03-2025 11:32:30:137605
999,22,11-03-2025 11:32:30:514870
1000,22,11-03-2025 11:32:30:861116
1001,22,11-03-2025 11:32:31:299428
1002,22,11-03-2025 11:32:31:783772
1003,22,11-03-2025 11:32:32:253104
1004,22,11-03-2025 11:32:32:620369
1005,22,11-03-2025 11:32:33:000635
1006,22,11-03-2025 11:32:33:361893
1007,22,11-03-2025 11:32:33:722149
1008,22,11-03-2025 11:32:34:062390
1009,22,11-03-2025 11:32:34:423648
1010,22,11-03-2025 11:32:34:766892
1011,23,11-03-2025 11:32:35:119141
1012,23,11-03-2025 11:32:35:485400
1013,23,11-03-2025 11:32:35:853662
1014,22,11-03-2025 11:32:36:239937
1015,22,11-03-2025 11:32:36:652230
1016,22,11-03-2025 11:32:36:987473
1017,22,11-03-2025 11:32:37:335717
1018,22,11-03-2025 11:32:37:698973
1019,22,11-03-2025 11:32:38:051226
1020,22,11-03-2025 11:32:38:407478
1021,22,11-03-2025 11:32:38:760728
1022,23,11-03-2025 11:32:39:098968
1023,23,11-03-2025 11:32:39:450216
1024,23,11-03-2025 11:32:39:818480
1025,22,11-03-2025 11:32:40:194747
1026,22,11-03-2025 11:32:40:584023
1027,22,11-03-2025 11:32:40:964291
1028,22,11-03-2025 11:32:41:406606
1029,22,11-03-2025 11:32:41:818900
1030,22,11-03-2025 11:32:42:205173
1031,22,11-03-2025 11:32:42:589447
1032,22,11-03-2025 11:32:42:953707
1033,22,11-03-2025 11:32:43:341981
1034,22,11-03-2025 11:32:43:728256
1035,21,11-03-2025 11:32:44:075502
1036,21,11-03-2025 11:32:44:437758
1037,21,11-03-2025 11:32:44:782004
1038,21,11-03-2025 11:32:45:146264
1039,21,11-03-2025 11:32:45:530536
1040,21,11-03-2025 11:32:45:906802
1041,21,11-03-2025 11:32:46:288074
1042,21,11-03-2025 11:32:46:663340
1043,21,11-03-2025 11:32:47:063624
1044,21,11-03-2025 11:32:47:468912
1045,21,11-03-2025 11:32:47:831170
1046,21,11-03-2025 11:32:48:248468
1047,21,11-03-2025 11:32:48:592710
1048,21,11-03-2025 11:32:48:988993
1049,21,11-03-2025 11:32:49:375267
1050,21,11-03-2025 11:32:49:752533
1051,21,11-03-2025 11:32:50:126800
1052,21,11-03-2025 11:32:50:515076
1053,21,11-03-2025 11:32:50:888341
1054,21,11-03-2025 11:32:51:276617
1055,21,11-03-2025 11:32:51:641876
1056,21,11-03-2025 11:32:52:017142
1057,21,11-03-2025 11:32:52:398414
1058,21,11-03-2025 11:32:52:791693
1059,21,11-03-2025 11:32:53:172963
1060,21,11-03-2025 11:32:53:561239
1061,21,11-03-2025 11:32:53:968529
1062,21,11-03-2025 11:32:54:334789
1063,21,11-03-2025 11:32:54:732071
1064,21,11-03-2025 11:32:55:094328
1065,21,11-03-2025 11:32:55:555657
1066,21,11-03-2025 11:32:56:004976
1067,21,11-03-2025 11:32:56:467304
1068,21,11-03-2025 11:32:56:916623
1069,21,11-03-2025 11:32:57:259866
1070,21,11-03-2025 11:32:57:667158
1071,21,11-03-2025 11:32:58:023416
1072,21,11-03-2025 11:32:58:422692
1073,21,11-03-2025 11:32:58:793957
1074,21,11-03-2025 11:32:59:184233
1075,21,11-03-2025 11:32:59:569506
1076,21,11-03-2025 11:33:00:001814
1077,21,11-03-2025 11:33:00:407591
1078,21,11-03-2025 11:33:00:798868
1079,21,11-03-2025 11:33:01:304229
1080,21,11-03-2025 11:33:01:694504
1081,21,11-03-2025 11:33:02:082781
1082,21,11-03-2025 11:33:02:493071
1083,21,11-03-2025 11:33:02:896357
1084,21,11-03-2025 11:33:03:304649
1085,21,11-03-2025 11:33:03:729950
1086,22,11-03-2025 11:33:04:112221
1087,22,11-03-2025 11:33:04:476481
1088,22,11-03-2025 11:33:04:844742
1089,22,11-03-2025 11:33:05:180983
1090,22,11-03-2025 11:33:05:527227
1091,22,11-03-2025 11:33:05:903496
1092,22,11-03-2025 11:33:06:286766
1093,22,11-03-2025 11:33:06:648022
1094,22,11-03-2025 11:33:06:997270
1095,22,11-03-2025 11:33:07:403561
1096,22,11-03-2025 11:33:07:768819
1097,23,11-03-2025 11:33:08:107060
1098,23,11-03-2025 11:33:08:483328
1099,23,11-03-2025 11:33:08:860593
1100,23,11-03-2025 11:33:09:272887
1101,23,11-03-2025 11:33:09:688181
1102,23,11-03-2025 11:33:10:056445
1103,23,11-03-2025 11:33:10:418705
1104,23,11-03-2025 11:33:10:781961
1105,23,11-03-2025 11:33:11:158226
1106,23,11-03-2025 11:33:11:568517
1107,23,11-03-2025 11:33:11:940782
1108,24,11-03-2025 11:33:12:360081
1109,24,11-03-2025 11:33:12:723337
1110,24,11-03-2025 11:33:13:077590
1111,24,11-03-2025 11:33:13:472873
1112,24,11-03-2025 11:33:13:865150
1113,24,11-03-2025 11:33:14:263432
1114,24,11-03-2025 11:33:14:608676
1115,25,11-03-2025 11:33:14:968933
1116,25,11-03-2025 11:33:15:378223
1117,25,11-03-2025 11:33:15:721469
1118,25,11-03-2025 11:33:16:139765
1119,25,11-03-2025 11:33:16:508026
1120,25,11-03-2025 11:33:16:882291
1121,25,11-03-2025 11:33:17:233541
1122,25,11-03-2025 11:33:17:622817
1123,25,11-03-2025 11:33:17:977070
1124,25,11-03-2025 11:33:18:339327
1125,25,11-03-2025 11:33:18:709591
1126,25,11-03-2025 11:33:19:064841
1127,25,11-03-2025 11:33:19:492145
1128,25,11-03-2025 11:33:19:846397
1129,25,11-03-2025 11:33:20:199648
1130,25,11-03-2025 11:33:20:572915
1131,25,11-03-2025 11:33:20:910152
1132,25,11-03-2025 11:33:21:361473
1133,25,11-03-2025 11:33:21:778770
1134,25,11-03-2025 11:33:22:162041
1135,25,11-03-2025 11:33:22:518295
1136,25,11-03-2025 11:33:22:897565
1137,26,11-03-2025 11:33:23:241808
1138,26,11-03-2025 11:33:23:623081
1139,26,11-03-2025 11:33:23:988339
1140,26,11-03-2025 11:33:24:360604
1141,26,11-03-2025 11:33:24:745878
1142,26,11-03-2025 11:33:25:095126
1143,26,11-03-2025 11:33:25:459384
1144,26,11-03-2025 11:33:25:820641
1145,25,11-03-2025 11:33:26:193906
1146,25,11-03-2025 11:33:26:579179
1147,25,11-03-2025 11:33:26:979463
1148,25,11-03-2025 11:33:27:358734
1149,25,11-03-2025 11:33:27:757015
1150,25,11-03-2025 11:33:28:157300
1151,25,11-03-2025 11:33:28:542573
1152,25,11-03-2025 11:33:28:905831
1153,25,11-03-2025 11:33:29:298110
1154,25,11-03-2025 11:33:29:690388
1155,24,11-03-2025 11:33:30:067657
1156,24,11-03-2025 11:33:30:443925
1157,24,11-03-2025 11:33:30:847209
1158,25,11-03-2025 11:33:31:233486
1159,25,11-03-2025 11:33:31:610753
1160,25,11-03-2025 11:33:31:970010
1161,25,11-03-2025 11:33:32:360284
1162,25,11-03-2025 11:33:32:729549
1163,23,11-03-2025 11:33:33:135836
1164,23,11-03-2025 11:33:33:512105
1165,23,11-03-2025 11:33:33:868359
1166,23,11-03-2025 11:33:34:230614
1167,23,11-03-2025 11:33:34:602877
1168,23,11-03-2025 11:33:34:994157
1169,23,11-03-2025 11:33:35:397444
1170,23,11-03-2025 11:33:35:782715
1171,23,11-03-2025 11:33:36:190007
1172,23,11-03-2025 11:33:36:567275
1173,23,11-03-2025 11:33:36:932534
1174,23,11-03-2025 11:33:37:286784
1175,23,11-03-2025 11:33:37:662051
1176,21,11-03-2025 11:33:38:041319
1177,21,11-03-2025 11:33:38:422590
1178,21,11-03-2025 11:33:38:825877
1179,21,11-03-2025 11:33:39:242173
1180,21,11-03-2025 11:33:39:627446
1181,21,11-03-2025 11:33:39:981699
1182,21,11-03-2025 11:33:40:341955
1183,21,11-03-2025 11:33:40:737236
1184,21,11-03-2025 11:33:41:136519
1185,21,11-03-2025 11:33:41:548810
1186,21,11-03-2025 11:33:41:919076
1187,21,11-03-2025 11:33:42:284333
1188,21,11-03-2025 11:33:42:621575
1189,21,11-03-2025 11:33:42:993838
1190,21,11-03-2025 11:33:43:373107
1191,21,11-03-2025 11:33:43:795407
1192,18,11-03-2025 11:33:44:196692
1193,18,11-03-2025 11:33:44:565955
1194,18,11-03-2025 11:33:44:943225
1195,18,11-03-2025 11:33:45:350511
1196,18,11-03-2025 11:33:45:759803
1197,18,11-03-2025 11:33:46:114054
1198,18,11-03-2025 11:33:46:481314
1199,18,11-03-2025 11:33:46:821557
1200,19,11-03-2025 11:33:47:205830
1201,19,11-03-2025 11:33:47:567086
1202,19,11-03-2025 11:33:47:913332
1203,19,11-03-2025 11:33:48:268585
1204,19,11-03-2025 11:33:48:620834
1205,19,11-03-2025 11:33:48:968081
1206,19,11-03-2025 11:33:49:356357
1207,19,11-03-2025 11:33:49:733626
1208,19,11-03-2025 11:33:50:076870
1209,19,11-03-2025 11:33:50:448131
1210,19,11-03-2025 11:33:50:794378
1211,19,11-03-2025 11:33:51:190659
1212,19,11-03-2025 11:33:51:556920
1213,19,11-03-2025 11:33:51:905167
1214,18,11-03-2025 11:33:52:266425
1215,18,11-03-2025 11:33:52:649696
1216,18,11-03-2025 11:33:52:995945
1217,18,11-03-2025 11:33:53:365204
1218,18,11-03-2025 11:33:53:751480
1219,19,11-03-2025 11:33:54:160769
1220,19,11-03-2025 11:33:54:545043
1221,19,11-03-2025 11:33:54:920309
1222,19,11-03-2025 11:33:55:280567
1223,19,11-03-2025 11:33:55:676846
1224,20,11-03-2025 11:33:56:033098
1225,20,11-03-2025 11:33:56:418372
1226,20,11-03-2025 11:33:56:786636
1227,20,11-03-2025 11:33:57:170907
1228,20,11-03-2025 11:33:57:539168
1229,20,11-03-2025 11:33:57:898423
1230,22,11-03-2025 11:33:58:307713
1231,22,11-03-2025 11:33:58:659964
1232,22,11-03-2025 11:33:59:005213
1233,22,11-03-2025 11:33:59:393485
1234,22,11-03-2025 11:33:59:777757
1235,22,11-03-2025 11:34:00:163691
1236,22,11-03-2025 11:34:00:519945
1237,22,11-03-2025 11:34:00:900217
1238,22,11-03-2025 11:34:01:276484
1239,22,11-03-2025 11:34:01:637738
1240,23,11-03-2025 11:34:01:997994
1241,23,11-03-2025 11:34:02:446314
1242,23,11-03-2025 11:34:02:794561
1243,23,11-03-2025 11:34:03:145809
1244,23,11-03-2025 11:34:03:550101
1245,23,11-03-2025 11:34:03:882334
1246,23,11-03-2025 11:34:04:239587
1247,23,11-03-2025 11:34:04:591837
1248,23,11-03-2025 11:34:04:968104
1249,23,11-03-2025 11:34:05:355381
1250,23,11-03-2025 11:34:05:744658
1251,23,11-03-2025 11:34:06:078892
1252,23,11-03-2025 11:34:06:449157
1253,23,11-03-2025 11:34:06:795402
1254,23,11-03-2025 11:34:07:162662
1255,23,11-03-2025 11:34:07:532926
1256,23,11-03-2025 11:34:07:957229
1257,24,11-03-2025 11:34:08:362515
1258,24,11-03-2025 11:34:08:754793
1259,24,11-03-2025 11:34:09:117053
1260,24,11-03-2025 11:34:09:474305
1261,24,11-03-2025 11:34:09:852574
1262,24,11-03-2025 11:34:10:231842
1263,24,11-03-2025 11:34:10:664153
1264,24,11-03-2025 11:34:11:043418
1265,24,11-03-2025 11:34:11:423691
1266,24,11-03-2025 11:34:11:794955
1267,24,11-03-2025 11:34:12:148203
1268,24,11-03-2025 11:34:12:542483
1269,24,11-03-2025 11:34:12:919754
1270,24,11-03-2025 11:34:13:303024
1271,24,11-03-2025 11:34:13:723322
1272,24,11-03-2025 11:34:14:137617
1273,24,11-03-2025 11:34:14:537900
1274,24,11-03-2025 11:34:14:915170
1275,24,11-03-2025 11:34:15:307449
1276,24,11-03-2025 11:34:15:676710
1277,24,11-03-2025 11:34:16:108018
1278,24,11-03-2025 11:34:16:465271
1279,24,11-03-2025 11:34:16:836534
1280,23,11-03-2025 11:34:17:197790
1281,23,11-03-2025 11:34:17:548040
1282,23,11-03-2025 11:34:17:951325
1283,23,11-03-2025 11:34:18:348607
1284,23,11-03-2025 11:34:18:715870
1285,23,11-03-2025 11:34:19:116155
1286,23,11-03-2025 11:34:19:486416
1287,23,11-03-2025 11:34:19:856679
1288,23,11-03-2025 11:34:20:222939
1289,23,11-03-2025 11:34:20:588199
1290,23,11-03-2025 11:34:20:939447
1291,23,11-03-2025 11:34:21:307710
1292,23,11-03-2025 11:34:21:673970
1293,23,11-03-2025 11:34:22:057240
1294,23,11-03-2025 11:34:22:431510
1295,23,11-03-2025 11:34:22:835794
1296,22,11-03-2025 11:34:23:200054
1297,22,11-03-2025 11:34:23:607342
1298,22,11-03-2025 11:34:24:000623
1299,22,11-03-2025 11:34:24:435931
1300,22,11-03-2025 11:34:24:813201
1301,22,11-03-2025 11:34:25:204477
1302,22,11-03-2025 11:34:25:567738
1303,22,11-03-2025 11:34:25:981027
1304,22,11-03-2025 11:34:26:343289
1305,22,11-03-2025 11:34:26:706545
1306,22,11-03-2025 11:34:27:100827
1307,22,11-03-2025 11:34:27:466083
1308,22,11-03-2025 11:34:27:881380
1309,22,11-03-2025 11:34:28:252642
1310,22,11-03-2025 11:34:28:666936
1311,22,11-03-2025 11:34:29:062257
1312,22,11-03-2025 11:34:29:439510
1313,22,11-03-2025 11:34:29:810775
1314,22,11-03-2025 11:34:30:208057
1315,22,11-03-2025 11:34:30:589328
1316,22,11-03-2025 11:34:30:934574
1317,22,11-03-2025 11:34:31:335859
1318,22,11-03-2025 11:34:31:778170
1319,21,11-03-2025 11:34:32:169448
1320,21,11-03-2025 11:34:32:551720
1321,21,11-03-2025 11:34:32:969017
1322,21,11-03-2025 11:34:33:356307
1323,21,11-03-2025 11:34:33:725570
1324,21,11-03-2025 11:34:34:142851
1325,21,11-03-2025 11:34:34:506107
1326,21,11-03-2025 11:34:34:906393
1327,22,11-03-2025 11:34:35:307679
1328,22,11-03-2025 11:34:35:704975
1329,22,11-03-2025 11:34:36:078224
1330,22,11-03-2025 11:34:36:437481
1331,22,11-03-2025 11:34:36:837767
1332,22,11-03-2025 11:34:37:216032
1333,22,11-03-2025 11:34:37:563279
1334,22,11-03-2025 11:34:37:962578
1335,22,11-03-2025 11:34:38:365851
1336,22,11-03-2025 11:34:38:787165
1337,22,11-03-2025 11:34:39:152424
1338,22,11-03-2025 11:34:39:508662
1339,22,11-03-2025 11:34:39:848902
1340,22,11-03-2025 11:34:40:261195
1341,22,11-03-2025 11:34:40:629458
1342,22,11-03-2025 11:34:41:002723
1343,22,11-03-2025 11:34:41:397003
1344,22,11-03-2025 11:34:41:758258
1345,21,11-03-2025 11:34:42:127523
1346,21,11-03-2025 11:34:42:561830
1347,21,11-03-2025 11:34:42:946103
1348,21,11-03-2025 11:34:43:370406
1349,21,11-03-2025 11:34:43:731663
1350,21,11-03-2025 11:34:44:092920
1351,21,11-03-2025 11:34:44:533230
1352,21,11-03-2025 11:34:44:914500
1353,21,11-03-2025 11:34:45:318787
1354,21,11-03-2025 11:34:45:767106
1355,22,11-03-2025 11:34:46:170393
1356,22,11-03-2025 11:34:46:630720
1357,23,11-03-2025 11:34:47:096049
1358,23,11-03-2025 11:34:47:562383
1359,23,11-03-2025 11:34:47:911632
1360,23,11-03-2025 11:34:48:262878
1361,23,11-03-2025 11:34:48:621138
1362,23,11-03-2025 11:34:48:981389
1363,23,11-03-2025 11:34:49:362663
1364,23,11-03-2025 11:34:49:736941
1365,23,11-03-2025 11:34:50:115194
1366,23,11-03-2025 11:34:50:485457
1367,23,11-03-2025 11:34:50:872748
1368,22,11-03-2025 11:34:51:241994
1369,22,11-03-2025 11:34:51:610272
1370,22,11-03-2025 11:34:51:982521
1371,22,11-03-2025 11:34:52:386810
1372,22,11-03-2025 11:34:52:762077
1373,22,11-03-2025 11:34:53:140345
1374,22,11-03-2025 11:34:53:553636
1375,22,11-03-2025 11:34:53:919900
1376,22,11-03-2025 11:34:54:299169
1377,22,11-03-2025 11:34:54:693447
1378,22,11-03-2025 11:34:55:050716
1379,22,11-03-2025 11:34:55:442978
1380,22,11-03-2025 11:34:55:814258
1381,22,11-03-2025 11:34:56:191510
1382,22,11-03-2025 11:34:56:602804
1383,22,11-03-2025 11:34:56:959058
1384,22,11-03-2025 11:34:57:344328
1385,22,11-03-2025 11:34:57:715611
1386,21,11-03-2025 11:34:58:084854
1387,21,11-03-2025 11:34:58:505154
1388,21,11-03-2025 11:34:58:887426
1389,21,11-03-2025 11:34:59:283722
1390,21,11-03-2025 11:34:59:690995
1391,21,11-03-2025 11:35:00:052339
1392,21,11-03-2025 11:35:00:440377
1393,21,11-03-2025 11:35:00:827653
1394,21,11-03-2025 11:35:01:197918
1395,21,11-03-2025 11:35:01:601201
1396,21,11-03-2025 11:35:01:949449
1397,21,11-03-2025 11:35:02:334724
1398,21,11-03-2025 11:35:02:693982
1399,21,11-03-2025 11:35:03:079251
1400,21,11-03-2025 11:35:03:470532
1401,21,11-03-2025 11:35:03:848798
1402,21,11-03-2025 11:35:04:239078
1403,21,11-03-2025 11:35:04:714412
1404,21,11-03-2025 11:35:05:122702
1405,21,11-03-2025 11:35:05:508977
1406,21,11-03-2025 11:35:05:906275
1407,21,11-03-2025 11:35:06:290532
1408,21,11-03-2025 11:35:06:681827
1409,21,11-03-2025 11:35:07:087101
1410,21,11-03-2025 11:35:07:482379
1411,21,11-03-2025 11:35:07:870656
1412,21,11-03-2025 11:35:08:206895
1413,21,11-03-2025 11:35:08:586163
1414,21,11-03-2025 11:35:08:941419
1415,21,11-03-2025 11:35:09:336697
1416,21,11-03-2025 11:35:09:720969
1417,21,11-03-2025 11:35:10:136265
1418,21,11-03-2025 11:35:10:497520
1419,21,11-03-2025 11:35:10:931832
1420,22,11-03-2025 11:35:11:360149
1421,22,11-03-2025 11:35:11:770425
1422,22,11-03-2025 11:35:12:103663
1423,22,11-03-2025 11:35:12:472924
1424,22,11-03-2025 11:35:12:849196
1425,22,11-03-2025 11:35:13:206444
1426,22,11-03-2025 11:35:13:643771
1427,22,11-03-2025 11:35:14:030029
1428,22,11-03-2025 11:35:14:443323
1429,22,11-03-2025 11:35:14:864638
1430,22,11-03-2025 11:35:15:280917
1431,22,11-03-2025 11:35:15:685207
1432,22,11-03-2025 11:35:16:091497
1433,22,11-03-2025 11:35:16:453752
1434,22,11-03-2025 11:35:16:876053
1435,22,11-03-2025 11:35:17:243313
1436,22,11-03-2025 11:35:17:678636
1437,22,11-03-2025 11:35:18:074903
1438,22,11-03-2025 11:35:18:478191
1439,22,11-03-2025 11:35:18:848454
1440,22,11-03-2025 11:35:19:230726
1441,22,11-03-2025 11:35:19:631011
1442,22,11-03-2025 11:35:19:993266
1443,22,11-03-2025 11:35:20:414580
1444,22,11-03-2025 11:35:20:808859
1445,22,11-03-2025 11:35:21:226144
1446,22,11-03-2025 11:35:21:593401
1447,22,11-03-2025 11:35:21:976676
1448,22,11-03-2025 11:35:22:362949
1449,22,11-03-2025 11:35:22:724207
1450,22,11-03-2025 11:35:23:097485
1451,22,11-03-2025 11:35:23:498755
1452,22,11-03-2025 11:35:23:865031
1453,22,11-03-2025 11:35:24:218267
1454,22,11-03-2025 11:35:24:573518
1455,22,11-03-2025 11:35:24:975806
1456,22,11-03-2025 11:35:25:395102
1457,22,11-03-2025 11:35:25:772369
1458,22,11-03-2025 11:35:26:198689
1459,22,11-03-2025 11:35:26:562931
1460,22,11-03-2025 11:35:26:926188
1461,22,11-03-2025 11:35:27:350506
1462,22,11-03-2025 11:35:27:771791
1463,22,11-03-2025 11:35:28:139051
1464,22,11-03-2025 11:35:28:525325
1465,22,11-03-2025 11:35:28:917607
1466,22,11-03-2025 11:35:29:270858
1467,22,11-03-2025 11:35:29:628109
1468,22,11-03-2025 11:35:30:003377
1469,22,11-03-2025 11:35:30:428676
1470,22,11-03-2025 11:35:30:831978
1471,22,11-03-2025 11:35:31:190220
1472,22,11-03-2025 11:35:31:636533
1473,22,11-03-2025 11:35:32:042823
1474,22,11-03-2025 11:35:32:449113
1475,22,11-03-2025 11:35:32:834402
1476,22,11-03-2025 11:35:33:182632
1477,22,11-03-2025 11:35:33:575915
1478,22,11-03-2025 11:35:33:954184
1479,22,11-03-2025 11:35:34:336454
1480,22,11-03-2025 11:35:34:741756
1481,22,11-03-2025 11:35:35:124027
1482,22,11-03-2025 11:35:35:520296
1483,22,11-03-2025 11:35:35:937605
1484,22,11-03-2025 11:35:36:334874
1485,22,11-03-2025 11:35:36:729151
1486,22,11-03-2025 11:35:37:091425
1487,22,11-03-2025 11:35:37:508707
1488,22,11-03-2025 11:35:37:889992
1489,22,11-03-2025 11:35:38:311275
1490,22,11-03-2025 11:35:38:706557
1491,22,11-03-2025 11:35:39:084825
1492,22,11-03-2025 11:35:39:504122
1493,22,11-03-2025 11:35:39:892398
1494,22,11-03-2025 11:35:40:299691
1495,22,11-03-2025 11:35:40:705978
1496,22,11-03-2025 11:35:41:090249
1497,22,11-03-2025 11:35:41:496555
1498,22,11-03-2025 11:35:41:901827
1499,22,11-03-2025 11:35:42:291102
1500,22,11-03-2025 11:35:42:688386
1501,22,11-03-2025 11:35:43:034630
1502,22,11-03-2025 11:35:43:390886
1503,22,11-03-2025 11:35:43:773171
1504,22,11-03-2025 11:35:44:216485
1505,22,11-03-2025 11:35:44:662786
1506,22,11-03-2025 11:35:45:017040
1507,22,11-03-2025 11:35:45:448361
1508,22,11-03-2025 11:35:45:819609
1509,22,11-03-2025 11:35:46:216891
1510,22,11-03-2025 11:35:46:583150
1511,22,11-03-2025 11:35:46:966425
1512,22,11-03-2025 11:35:47:323678
1513,22,11-03-2025 11:35:47:733967
1514,22,11-03-2025 11:35:48:089222
1515,22,11-03-2025 11:35:48:458485
1516,22,11-03-2025 11:35:48:876782
1517,22,11-03-2025 11:35:49:284085
1518,22,11-03-2025 11:35:49:620310
1519,22,11-03-2025 11:35:50:033617
1520,22,11-03-2025 11:35:50:389855
1521,22,11-03-2025 11:35:50:787136
1522,21,11-03-2025 11:35:51:182419
1523,21,11-03-2025 11:35:51:606719
1524,21,11-03-2025 11:35:51:965975
1525,21,11-03-2025 11:35:52:313220
1526,21,11-03-2025 11:35:52:736523
1527,21,11-03-2025 11:35:53:083767
1528,21,11-03-2025 11:35:53:446028
1529,21,11-03-2025 11:35:53:813302
1530,21,11-03-2025 11:35:54:217574
1531,21,11-03-2025 11:35:54:601847
1532,21,11-03-2025 11:35:54:963103
1533,22,11-03-2025 11:35:55:349377
1534,22,11-03-2025 11:35:55:729647
1535,22,11-03-2025 11:35:56:075896
1536,22,11-03-2025 11:35:56:493204
1537,22,11-03-2025 11:35:56:878465
1538,22,11-03-2025 11:35:57:283766
1539,22,11-03-2025 11:35:57:660017
1540,21,11-03-2025 11:35:58:019272
1541,21,11-03-2025 11:35:58:412568
1542,21,11-03-2025 11:35:58:827850
1543,21,11-03-2025 11:35:59:216123
1544,21,11-03-2025 11:35:59:595407
1545,21,11-03-2025 11:35:59:991690
1546,21,11-03-2025 11:36:00:391004
1547,21,11-03-2025 11:36:00:839334
1548,21,11-03-2025 11:36:01:245624
1549,21,11-03-2025 11:36:01:630881
1550,21,11-03-2025 11:36:01:998157
1551,21,11-03-2025 11:36:02:397426
1552,21,11-03-2025 11:36:02:771691
1553,21,11-03-2025 11:36:03:160984
1554,21,11-03-2025 11:36:03:562268
1555,21,11-03-2025 11:36:03:967541
1556,21,11-03-2025 11:36:04:377832
1557,21,11-03-2025 11:36:04:769113
1558,21,11-03-2025 11:36:05:160393
1559,21,11-03-2025 11:36:05:586706
1560,21,11-03-2025 11:36:05:998999
1561,21,11-03-2025 11:36:06:416280
1562,21,11-03-2025 11:36:06:871602
1563,21,11-03-2025 11:36:07:256878
1564,21,11-03-2025 11:36:07:761235
1565,21,11-03-2025 11:36:08:146513
1566,21,11-03-2025 11:36:08:526779
1567,21,11-03-2025 11:36:08:922062
1568,21,11-03-2025 11:36:09:363374
1569,21,11-03-2025 11:36:09:739640
1570,21,11-03-2025 11:36:10:117908
1571,21,11-03-2025 11:36:10:551216
1572,21,11-03-2025 11:36:10:955508
1573,21,11-03-2025 11:36:11:350785
1574,21,11-03-2025 11:36:11:761076
1575,21,11-03-2025 11:36:12:139344
1576,21,11-03-2025 11:36:12:527621
1577,21,11-03-2025 11:36:12:946934
1578,21,11-03-2025 11:36:13:326189
1579,21,11-03-2025 11:36:13:723471
1580,21,11-03-2025 11:36:14:106758
1581,21,11-03-2025 11:36:14:481009
1582,21,11-03-2025 11:36:14:852287
1583,21,11-03-2025 11:36:15:270584
1584,21,11-03-2025 11:36:15:655843
1585,21,11-03-2025 11:36:16:009096
1586,21,11-03-2025 11:36:16:388363
1587,21,11-03-2025 11:36:16:781643
1588,21,11-03-2025 11:36:17:177923
1589,21,11-03-2025 11:36:17:559194
1590,21,11-03-2025 11:36:17:962497
1591,21,11-03-2025 11:36:18:379780
1592,21,11-03-2025 11:36:18:776060
1593,21,11-03-2025 11:36:19:152341
1594,21,11-03-2025 11:36:19:566620
1595,21,11-03-2025 11:36:19:930881
1596,22,11-03-2025 11:36:20:321157
1597,22,11-03-2025 11:36:20:692420
1598,22,11-03-2025 11:36:21:095709
1599,22,11-03-2025 11:36:21:470975
1600,22,11-03-2025 11:36:21:877264
1601,22,11-03-2025 11:36:22:321580
1602,22,11-03-2025 11:36:22:685837
1603,22,11-03-2025 11:36:23:408348
1604,22,11-03-2025 11:36:23:804630
1605,22,11-03-2025 11:36:24:212919
1606,22,11-03-2025 11:36:24:640239
1607,22,11-03-2025 11:36:25:026515
1608,22,11-03-2025 11:36:25:447797
1609,22,11-03-2025 11:36:25:846080
1610,22,11-03-2025 11:36:26:283390
1611,22,11-03-2025 11:36:26:656655
1612,23,11-03-2025 11:36:27:039928
1613,23,11-03-2025 11:36:27:432206
1614,23,11-03-2025 11:36:27:798467
1615,24,11-03-2025 11:36:28:190747
1616,24,11-03-2025 11:36:28:596033
1617,24,11-03-2025 11:36:28:999320
1618,24,11-03-2025 11:36:29:385595
1619,24,11-03-2025 11:36:29:795885
1620,25,11-03-2025 11:36:30:188166
1621,25,11-03-2025 11:36:30:601474
1622,25,11-03-2025 11:36:31:006745
1623,25,11-03-2025 11:36:31:381011
1624,25,11-03-2025 11:36:31:779295
1625,25,11-03-2025 11:36:32:131545
1626,25,11-03-2025 11:36:32:503808
1627,25,11-03-2025 11:36:32:868068
1628,25,11-03-2025 11:36:33:323392
1629,25,11-03-2025 11:36:33:666637
1630,25,11-03-2025 11:36:34:039902
1631,25,11-03-2025 11:36:34:442189
1632,25,11-03-2025 11:36:34:835464
1633,25,11-03-2025 11:36:35:207730
1634,25,11-03-2025 11:36:35:573989
1635,25,11-03-2025 11:36:35:943251
1636,25,11-03-2025 11:36:36:327525
1637,25,11-03-2025 11:36:36:731812
1638,25,11-03-2025 11:36:37:107094
1639,25,11-03-2025 11:36:37:506377
1640,25,11-03-2025 11:36:37:908647
1641,25,11-03-2025 11:36:38:301928
1642,25,11-03-2025 11:36:38:691221
1643,25,11-03-2025 11:36:39:105500
1644,25,11-03-2025 11:36:39:521792
1645,25,11-03-2025 11:36:39:888055
1646,24,11-03-2025 11:36:40:310371
1647,24,11-03-2025 11:36:40:730655
1648,23,11-03-2025 11:36:41:118943
1649,23,11-03-2025 11:36:41:507204
1650,23,11-03-2025 11:36:42:008568
1651,,11-03-2025 11:36:42:470888
1652,,11-03-2025 11:36:42:899192
1653,,11-03-2025 11:36:43:328498
1654,,11-03-2025 11:36:43:691758
1655,,11-03-2025 11:36:44:106050
1656,,11-03-2025 11:36:44:506334
